beatmap_id,beatmapset_id,ar,title,artist,creator,version,old_beatmap_id
196,87,5,VS,misono,Donryu,Normal,fb099ade581d16f3a69926ccf8f2cf7a
188,28,5,AM11:00,HY,tsububu,Normal,ee52b4c498a29478b73fb4f17a456458
220,36,5,Vertigo,U2,eyup,,2640b14cd553e1b4e8b0ac6ecd47b412
221,100,6,Song 2,Blur,JacoPOP,,44618ee1fcb9dacfffc0830496f81f2d
161,71,7,Lydia,F.I.R.,fruit,,6fe20189b2f4ef5bfecf69d11810a49d
123,43,9,Timebomb,Beck,IcePagoda,Normal,2da8624939e768bc27445ff7627814d5
116,38,7,One Thing,Amerie,Chan,Normal,6f995a6bb9c7af50bd893f248206ff75
132,48,5,Smile,Lily Allen,meyou22,Normal,49b69c5e2e1c928707989af089430c73
186,82,6,Numb,Linkin Park,fruit,,4451cfbaa62488b97ee07bd58d95f8ff
167,73,5,BOYS & GIRLS,LM.C,Donryu,Normal,54f731c8b32c1c5ce35764973e8c1e79
324,84,5,D.A.N.C.E,Justice,caelus,,9912def545fe57e61dc0f5aad31eb3d9
193,85,4,Cross Time,Brandy,FFFanatic,Hard,3dd9f2278628fc7baa3f828f752ba273
86,23,2,Pop Star,Ken Hirai,Chan,,bfe8f7ccd03253bf36d7faabd61be2e0
207,92,5,Still Alive,Portal,Hitoshirenu Shourai,Easy,f57367f4b8a696bcc77433d98f4ebe08
208,92,5,Still Alive,Portal,Hitoshirenu Shourai,Normal,2162a03014f463b708605b81098bcb5e
119,16,5,Love Fighter,Brandy,FFFanatic,,5b00851555cf4c8e895210dcd871f1bb
180,80,2,Sakuranbo,Ai Otsuka,Echo49,Easy,1605e41688976f212e4e1ea08fc4daf4
181,80,6,Sakuranbo,Ai Otsuka,Echo49,Hard,e4282588493ffe72f3476916424edd6f
182,80,8,Sakuranbo,Ai Otsuka,Echo49,Normal,2b2beeaff4f65eb12a4f72d78fe0f217
304,89,3,Bad,Michael Jackson,Loginer,Easy,f0dc376fc1a1855861b4b20f8e7de99b
305,89,5,Bad,Michael Jackson,Loginer,Hard,a2e5e0cc16fe087456da37ab649f7a68
80,18,4,Scatman,Scatman John,Extor,Insane,ea43709e1e9056879e59860b286895be
94,29,3,Emoticons,Hinoi Team,MCXD,Breezin,cf8bd375f2708f152562a919247ba09a
95,29,4,Emoticons,Hinoi Team,MCXD,Crusin,90789138c7b1d6081315f3f264a1e7b4
96,29,7,Emoticons,Hinoi Team,MCXD,Hardrock,1bdabfa397ccd5af413ed22647bec2dd
97,29,6,Emoticons,Hinoi Team,MCXD,Sweatin,629d1b14925ed15dd5f9292b00ef2786
127,46,3,Aishiteru,Hinoi Team,MCXD,Breezin,dd44ebba58f125b2be48b0345e56fca7
128,46,4,Aishiteru,Hinoi Team,MCXD,Crusin,f457792fcc72f1388963dbbe24b22c8a
129,46,7,Aishiteru,Hinoi Team,MCXD,Hardrock,3ce8eb2ba90eadd3e31493cb9d40fb76
130,46,6,Aishiteru,Hinoi Team,MCXD,Sweatin,5b8c9eeebc1b3af1535c684bdacf5340
137,52,5,The SMRPG Song,Marta,Level-Up,Normal,794b005ae3fdcc845b11cc3b2006a163
141,54,5,Dreams,Romantic Mode,Elzamxrai,Normal,50791b017c9d43382403f343fdb62c77
170,39,5,Pump me Amadeus,BanYa,Starrodkirby86,Normal,b93b190a9b78582b5026ab484fec2885
213,96,3,Speed Over Beethoven,,Echo49,Easy,b921c0d62975bb4b7aa8935e40324df2
214,96,5,Speed Over Beethoven,,Echo49,Hard,a792fe1067ea1e162595edab97687736
215,96,8,Speed Over Beethoven,,Echo49,Normal,f37034e07eddb755465f70a395aaad72
121,27,5,Mambo Craze,Buddah Bar,Extor,Hard,b58e4b6803b15e7590046c8769e2738b
155,65,2,Motherland,Crystal Kay,Hitoshirenu Shourai,Easy,8cb7820386fc48db7da53080a1128456
194,86,3,Pumpkin Ondo,Kana Ueda,Hitoshirenu Shourai,Normal,a6ec4ed98bf7cb7a426f8d7b3ad41018
100,31,6,Fall Memories,Phantasma,Kylecito,Hard,52921ef98dcff9883b8cc0567afc730f
120,41,7,Catch You Catch Me,Gumi,Hitoshirenu Shourai,Fun!,4eb4bb0791671209bd71a506f643da67
122,42,5,Caramelldansen,Caramell,meyou22,,d80ac8fc518c0ff69d0963ef91f397f4
124,44,8,Emergency,Drunken Tiger,Starrodkirby86,Hard,21a29d38420f94c518253268a61ba035
134,50,5,Sunday Morning,Maroon 5,eyup,Normal,a2fc0826b4eea3b335bdb854ff90dacc
160,67,5,Lion Suki,Akira Yamaoka,FakeJapanMan!,Normal,18f6c5c898316e01042d15778fd13394
147,59,7,Take On Me,Vision Divine,Kylecito,Hard,05edf9da65e6652bf5954deffc2c5723
75,1,6,DISCO★PRINCE,Kenji Ninuma,peppy,Normal,a5b99395a42bd55bc5eb1d2411cbdf8b
125,45,5,Owarinaki Tabibito,Erisis,Elmo,Normal,20239cac77fcbc5105e496520d8d7530
126,45,5,Owarinaki Tabibito,Erisis,Elmo,Short,6c77f9687dfcba0cf39c3d203122f4bc
183,81,8,Brilliant World,Kaori Oda,Echo49,Hard,7702876988020b001b4fca6816529b2e
184,81,5,Brilliant World,Kaori Oda,Echo49,Normal,019f6a4a2e118899659341748e9fb057
101,30,5,Hey Now Now,The Cloud Room,Extor,Hard,0b24b64504036a0b08f17a4276314a90
152,51,6,What I've Done,Linkin Park,eyup,Hard,fa06c909fbe8e5fdd178ee8c46d8fd28
153,51,5,What I've Done,Linkin Park,eyup,Normal,6d37995ba1503eb1a7b0b693767a012b
250,63,5,Black Sheep,Sonata Arctica,ZZT the Fifth,Hard,2c292eeb874fffc5d11f639a5805a320
198,88,5,Summer Festival,Whiteberry,elzamxrai,Normal,41b1ee43a98626d8b0e3d5e30b040a9e
112,37,0,UNKNOWN ORCHESTRA,UverWorld,Lumino,Easy,2a852753c93f53ba84e04f0854523460
113,37,7,UNKNOWN ORCHESTRA,UverWorld,Lumino,Hard,a9ffec676c23ed70c18cc0b29ab2d6d5
114,37,10,UNKNOWN ORCHESTRA,UverWorld,Lumino,Insane,40e1a0606a68381f84a7b8e48c2f478f
115,37,5,UNKNOWN ORCHESTRA,UverWorld,Lumino,Normal,68e02036339a3ffe983760aeaa271f27
162,55,5,Comin' Up For Air,Storm Lee,Behonkiss,,74c29c4a354125c5f53ac73dc2c5c1a7
174,77,6,Sakura Biyori,Hoshimura Mai,Hitoshirenu Shourai,Easy,9e1a4ea2ae69a278b41421f8dfe29bbd
175,77,4,Sakura Biyori,Hoshimura Mai,Hitoshirenu Shourai,Normal,f88428959b341b008a49dc00f46c8b75
144,57,4,Just Communication,Two - Mix,Elzamxrai,Easy,c8d807d2d0da513b2d0bff9c133548e9
171,74,4,Bride in Dream,Beautiful Day,FFFanatic,Hard,67e5ec48c4924d0aa4b4abbee8b5b991
172,76,5,Kazemachi Jet,Sakamoto Maaya,KiraCatgirl,,44abebf44f8c91189e679206615638a4
110,35,6,Hit in the USA,Beat Crusaders,Shin,Normal,5fa1b4fa6aa480c7f219220d22b04166
164,56,5,Robo's Theme,Yasunori Mitsuda,Starrodkirby86,Easy,b48a16c62e321c2897d3693b8161eb4b
275,75,5,READY STEADY GO,L'Arc~en~Ciel,Hitoshirenu Shourai,Normal,e9b5e31d6b0421f84322ca7f0fec3b44
203,90,5,Feel The O2Jam!,Beautiful Day,FFFanatic,Hard,0f41210995434c1cb1c71d54eb21ac72
204,91,5,Naraku no Hana,Shimamiya Eiko,Donryu,Easy,b3e4b467b37ae17d1d0b87190516886a
145,40,5,You Only Live Once,The Strokes,JacoPOP,For Beginners,302dfa48d19637cf17c8511a2c74a4bb
960,83,7,Zenryoku Shounen,Sukima Switch,Echo49,Insane,42a6f8de3c5d0ab0a7afc645eb216719
189,83,5,Zenryoku Shounen,Sukima Switch,Echo49,Normal,f4327291c5dc3c8cedf4aa0ac7e7a3ff
210,94,5,Hana Maru Sensation,Little Non,Donryu,Normal,75881ec7eac3a5252d52740eec1dbf1b
212,95,4,Taisetsu na Mono,Road of Major,elzamxrai,Easy,c9651eb5a23d9db7eb6f20c0af7be94d
87,24,4,Re:Re:,ASIAN KUNG-FU GENERATION,peppy,Easy,f8b821b546bec6f705276821dc99fb10
88,24,5,Re:Re:,ASIAN KUNG-FU GENERATION,peppy,Normal,d2a97fb2fa4529a5e857fe0466dc1daf
200,62,7,Galvanize,The Chemical Brothers,IcePagoda,Normal,dea97e08396e429036f97af50dc66c23
187,79,8,"Lights, Camera. Action!",HALCALI,Hitoshirenu Shourai,Hard,2da1cce74fd5dcf3f232dbf0a30f8c30
277,124,4,Let's Fighting Love!,South Park,Jean,Easy,272b943a31328e6674da28f509647615
165,25,5,Can't Defeat Airman,Team Nekokan,HolyCOW,,b6daefe2b522d79b202f77c4a84045aa
131,47,7,Tornado (Long Juan Feng),Jay Chou,fruit,,f81565675a98c7ae0e5c5f7af5420d5a
195,64,5,Ride on shooting star,The Pillows,Hitoshirenu Shourai,Normal,fcf6f7640c0e434306554262f9ea2bee
91,3,3,"1,2,3,4, 007 [Wipeout Series]",Ni-Ni,MCXD,-Breezin-,3a0caa344183a9603448136609ad1370
53,3,4,"1,2,3,4, 007 [Wipeout Series]",Ni-Ni,MCXD,-Crusin-,1d23c37a2fda439be752ae2bca06c0cd
54,3,7,"1,2,3,4, 007 [Wipeout Series]",Ni-Ni,MCXD,-Hardrock-,e6f48da7f132c909accc677b77f231b8
55,3,6,"1,2,3,4, 007 [Wipeout Series]",Ni-Ni,MCXD,-Sweatin-,a5372216d0902bacc7eb081e15e36bb9
146,58,6,Not Your Average Thug,Wang Lee Hom,Chan,Hard,f9bb3d924ee9ce4d2e0e77bc55e29e83
103,32,7,Koi no Maiahi,Maeken Trance Project,Lumino,Hard,4cdf98a78bd16c3b7a8a50102d5435ea
104,32,10,Koi no Maiahi,Maeken Trance Project,Lumino,Insane,7350c490ce64c63abada98d039e5c480
105,32,5,Koi no Maiahi,Maeken Trance Project,Lumino,Normal,ef05b3f8e90045fc1264b78ea9134d7c
102,32,0,Koi no Maiahi,Maeken Trance Project,Lumino,Easy,20e131384bbb7269003c4feb9caf26d9
107,34,5,D-tecnoLife(Album Version),UVERworld,Lumino,Hard,4cb0684a66b15d757afdf793037c631c
108,34,7,D-tecnoLife(Album Version),UVERworld,Lumino,Insane,b50622944fe5d177055cc54be967d8f7
109,34,5,D-tecnoLife(Album Version),UVERworld,Lumino,Normal,ec41d9b2774fc48189c6f5fc6c0db527
159,70,6,"TONIGHT,TONIGHT,TONIGHT",BEAT CRUSADERS,Hitoshirenu Shourai,Normal,9b60de431a39e1214632a609c5b86717
209,93,5,Shichiten Hakki ☆ Shijou Shugi,KOTOKO,Donryu,Normal,1d1532ad4553f593cf13461bb11a5ad9
217,98,8,Chicks Dig Giant Robots,Deathwish Nine,GuardianHX,Hard,06f83c55eb25afc8d6b2b81ddda91b5a
218,98,6,Chicks Dig Giant Robots,Deathwish Nine,GuardianHX,Normal,11d1cf8bbfb0dc9035654990ed9f2f8d
178,66,5,Angry Video Game Nerd Theme,Dudelstudios,Behonkiss,Hard,ea75e0ab908502254b4796688de37efd
133,49,2,Hitotoshite Jiku ga Bureteiru,Kenji Ohtsuki,Elle,,bdbfa2417d3d296211424441684d8539
148,60,5,River Flows in You [Paul John's Remix],Yiruma,tsububu,Normal,e7546407f5e8cbac56cdc9a74a7c3184
177,78,5,Sekai wa Sore wo Ai to Yobunda ze,Sambomaster,ZZT the Fifth,Normal,9024a2fa53214f69bf993aa2d85cdd25
216,97,5,Final Fantasy 5 ROBOVoice OC ReMix,Joe Redifer,Hitoshirenu Shourai,Normal,60bfd3dbf771dfac62213316afe589db
166,72,6,"Harder, Better, Faster, Stronger (edit)",Daft Punk,JacoPOP,,a14d8c4d338540f994d7566466d614b9
314,141,5,Vivid,FAIRY FORE,Hitoshirenu Shourai,Hard,545e306c69bf8d2d1dd6eb6731babea5
398,167,5,Mata Ai Mashou,SEAMO,tsububu,Normal,f439f303808e1b07920037352184face
339,33,0,VISTA,Going Under Ground,ZZT,Easy,2ed9f5ccfbf6e8903bb2d4d40fa37045
456,33,3,VISTA,Going Under Ground,ZZT,Hard,c348a7e54f53392d8fc17afd9bef1d9f
457,33,5,VISTA,Going Under Ground,ZZT,Normal,125b5c039fe0857a1ad29565965aba7b
330,146,9,tiger yamato,tiger YAMATO,qudfo9,Hard,43ded64d75a668e52c23d7121fd981e8
1304,304,5,Jumpin' Jack Flash,Billy Fogarty,Aliento,Sweatin',934923e4218f4cf7113dc799ca5dea4d
333,148,5,Because Of You,Kelly Clarkson - Breakaway,SixtySevenFrogs,Normal,685ca915437173e7796a6635df390185
352,157,5,I'm Walking On Sunshine,Katrina & The Waves,Aliento,,a8860ec5a4f61f667c054c948dab6741
712,215,6,All The Way To The Edge Of This World,The Pillows,Gilrad,Hard,d78a9f8b4e1eee0cfc57a97a866d289c
2199,453,5,Junge,Die Aerzte,Fox,Normal,0910696835595d7cb100181006272287
2041,420,5,Here We Go!,Nintendo,eyup,Hard,3863f6ad53e3139d876c084cd16ff758
2604,414,8,Aijou Education,Little Non,DJPop,Hard,81581777d8a459655acc3276ee3b059c
2029,212,4,Aishitageru,LOVERIN TAMBURIN,awp,Easy,4f1d91c34f71a3de7f64fb3c06ec9a1f
4725,541,5,Kodou VerB,BACK-ON,EiJi,Hard,032b9f8fc74957f60202f601708dce8b
5634,123,3,Shonen Heart,Home Made Kazoku,ZZT the Fifth,Normal,c8dffce4a7bc2335755898c00bf319d1
5530,698,8,Lady Love,RIZE,EiJi,Hard,ab41b04542ad4d16c7f23ebfabe82c04
5529,698,5,Lady Love,RIZE,EiJi,Normal,f02e90a026286d271df6ed42dbc337ec
6968,923,4,Daitan ni Ikimashou,Tamaki Nami,James,Normal,ca80c78c6c4cc918bd9b1742d9b69816
6969,923,5,Daitan ni Ikimashou,Tamaki Nami,James,Hard,8206d60c99e79a74badc8fc56282e94f
6903,940,7,Natsukusa no Senro,KOTOKO and Utatsuki Kaori,James,Hard,d5f86ce012d917968f718e1f79263f55
7475,512,5,Unsteadily,WAWA,EiJi,Hard,cc5c87f42d2decfd9d65d192f8f1d44a
9634,897,7,Houkiboshi,Younha,MaxwellDemon,Hard,b69ac919486d4cb36fdfef4e643c15df
16295,1225,5,Code Monkey,Jonathan Coulton,bitor,Easy,82aaec54e83c9350281d5a56adc694a4
16296,1225,5,Code Monkey,Jonathan Coulton,bitor,Normal,e664f872566aa7a6e9f59f1fdb1108b3
16469,1337,2,Melody,175R,Kasada,Easy,58da764758edff192cf4904125b2494b
16471,1337,5,Melody,175R,Kasada,Hard,f81ddfe7749c5b96e1724f7310755f7e
16470,1337,5,Melody,175R,Kasada,Normal,6b5dc7230dbbaf436ba34c62cca95e2f
13668,1369,3,Lullaby For You,JYONGRI,diela,Normal,d1fa71f0e1e473e352a3592580a04773
13669,1369,7,Lullaby For You,JYONGRI,diela,Hard,7d834f49e4fdf3003fca863c843b428c
15462,1373,3,What is Love,Haddaway,wiicademan,Easy,229f15d09854fb8ccb739ca61f705af6
15463,1373,5,What is Love,Haddaway,wiicademan,Normal,16674db735f255566799b1149e409780
13936,1442,6,Chocolate Disco,Perfume,James,Hard,98fae2a6242427cd7104b4cc03bdd266
14746,1518,5,Honey Beat,V6,vytalibus,Mild,c0ac25e9b5a79112874a2314c70cfd62
14747,1518,7,Honey Beat,V6,vytalibus,Wild,ed012a14802b2490b8e0fdb867259402
14218,1588,3,Casino Night Zone (2-Player),Sonic 2,Hitoshirenu Shourai,Normal,52e68a8f5736462a7bc232bb5bb5237f
15924,1723,7,True My Heart,Anenew feat. Saori Sakura,vytalibus,Hard,e4b9354a0ce2a9e11f9e05762ada45f9
15923,1723,5,True My Heart,Anenew feat. Saori Sakura,vytalibus,Normal,7751e32c462a5e13851fc4836b8e6386
14584,442,1,Doubt & Trust,Access,Hitoshirenu Shourai,Easy,fb421ba27ac9f6b60f4c7704b80ee90e
14586,442,7,Doubt & Trust,Access,Hitoshirenu Shourai,Hard,f4e45fb7e11b83d63cf74eba4e147899
14585,442,3,Doubt & Trust,Access,Hitoshirenu Shourai,Normal,a9e8042e4c37842f2b3b3bb0a7a9709f
14678,906,3,Taisetsu na Mono,Road of Major,Kai,Easy,fd75c996dfc21401f9a907393aa15bab
14679,906,4,Taisetsu na Mono,Road of Major,Kai,Normal,048e3869d0db338503076d2032e68254
14680,906,7,Taisetsu na Mono,Road of Major,Kai,Hard,0dc0c4f82e671eda79d173034592e2ba
14681,906,8,Taisetsu na Mono,Road of Major,Kai,Insane,3af68204c615ee81bec4ae26efbd0073
13618,1486,4,Morning Glory,BeForU,James,Normal,5ab46d2c7950f74e26c84a3c656d9910
16622,1541,4,Emptiness And,Takeharu Ishimoto,buraimaster1234,Normal,149e90aa86cdc9c44d111e657c82cdf3
16624,1541,7,Emptiness And,Takeharu Ishimoto,buraimaster1234,Ultimate,ec05369111286aecba060595983b4a47
16594,1759,6,One Way,Hillsong,James,Hard,9393dbb215157872b368f8baf3b228cb
19613,1941,4,Boulevard Of Broken Dreams,Green Day,kingcobra52,Easy,3620c5d44987600c833e385d0ac634fb
19799,1941,4,Boulevard Of Broken Dreams,Green Day,kingcobra52,Normal,bc50be991cffce75b6e1cc6283240cca
19828,1941,6,Boulevard Of Broken Dreams,Green Day,kingcobra52,Hard,5c1fce8cbb6e25c381cf9d2648a5be38
19787,2506,3,Kaze ni onegai,Forte Escape,Cyclone,Easy,8bdc4843a1a20399c72c47f523cc3300
19736,2506,5,Kaze ni onegai,Forte Escape,Cyclone,Normal,f240736c7fa40d89d54697526febd3cf
19719,2506,5,Kaze ni onegai,Forte Escape,Cyclone,Hard,7345fc02db0724d6c9e9eced36cbebd6
20735,2983,7,Vulnerability,Trauma Center: Second Opinion,Larto,Vulnerability,ae33e1d78820d520134bd1043b07159c
20959,3098,5,What Do You Want from Me,Cascada,Tri-Edge,Normal,1a814ea0e9696b0924c906cb7e58a318
21173,3108,2,Star Wars Theme,Meco,LuigiHann,m980's Easy,88ad81214beb1eb77312c2f9b1858a6b
21178,3108,5,Star Wars Theme,Meco,LuigiHann,Luigi's Normal,71b7a2cad2d54e58c689d332fa8de930
21179,3108,6,Star Wars Theme,Meco,LuigiHann,Luigi's Insane,311843c2a97575e80c04787dacf3f84c
21180,3108,8,Star Wars Theme,Meco,LuigiHann,m980's Insane,0f03c3141983d3ef70a015801f05deb2
21118,3146,5,First Step Master,"Wizet, Nexon",Metroid,Easy,2603a432e07c3d814f50725f89a399e7
21066,3146,6,First Step Master,"Wizet, Nexon",Metroid,Normal,2b515801e08dfc656fc494b664f5e907
21115,3146,7,First Step Master,"Wizet, Nexon",Metroid,Hard,03b478256d09889ad6d4e622f32511a8
22898,3919,4,Mr. Brightside,The Killers,LuigiHann,Hard,1466c4800f0ea79c998609abc39ec4a9
22956,3919,7,Mr. Brightside,The Killers,LuigiHann,Insane,c52f850bc65329b71444e5419b33acc3
22954,3919,3,Mr. Brightside,The Killers,LuigiHann,Normal,914e97365cc2f4180e4d0a9d51fd55c9
23189,4033,4,Braid - Counting You Up,The EX-Box Boys,LuigiHann,Easy,d2708118d5b11dff00f441d710faa94c
23186,4033,5,Braid - Counting You Up,The EX-Box Boys,LuigiHann,Normal,d9acc9b97d6f23f32b12a8ca09da50d5
20102,2680,0,La La,Laura Jane,Larto,Cruisin',7ac01bf6f25f6b74c988a77c20ba56ea
23811,2680,9,La La,Laura Jane,Larto,HARD ROCK!,9c69281d0281f5c5a2f4fadd0842da87
20103,2680,4,La La,Laura Jane,Larto,Sweatin',0acb722bf4eac9dbffb05c4f802234fb
22760,3862,7,Tsuepeshu no Osanaki Matsuei,Gojou Kai,Al-Azif,Hard,290d1339b98637646493fa147d9ed835
24162,4441,7,Yorokobi no Carol,Iwao Junko,DJPop,Hard,dde841f686e48552fef44ed913f9e940
22613,3253,5,Wir werden siegen,Frank Schindel,AgentSieg,Champion,c6897666d7c3eef3029e95e498d86c00
23025,3253,4,Wir werden siegen,Frank Schindel,AgentSieg,Rookie,ea31c74975de169f34a394d444f498e9
15228,1206,8,Csikos Post,BanYa,Kai,Insane,fb6cc68d876f0a907f8d3c83ef5bb223
24510,4581,7,Motteke! Sailor Fuku (Metabo Taisaku Mix),Lucky Star,DJPop,Hard,bd6885475b11412d7c1d51f7b036e891
26360,5100,6,Do It All Night,E-Rotic,osu_CN_yaya,Hard,b334c1e0eba35d72e1148393de4ca5a1
25908,5140,7,Dj English,Emanuele Inglese,lele94,Hard,b2ad8122ee75eb667006e915a7ea6e32
26086,5213,3,Orange,"Yui Horie, Rie Kugimiya & Eri Kitamura",xxheroxx,Ryuji-Normal,177c9ff54c3eb4257ad664210b66d7e3
27725,5430,2,I'm Not Your Boyfriend Baby,3oh!3,EEeee,eeeasy,f068dbe7b6cd5fc3c8def4c390f1bc93
27726,5430,6,I'm Not Your Boyfriend Baby,3oh!3,EEeee,Gladi's Hard,f97f50fd54410bfd09ca7c45a3c48268
26692,5430,6,I'm Not Your Boyfriend Baby,3oh!3,EEeee,Insane,d0b2d08885e8bfb92b5c9be5def473be
27250,5640,6,Into The Night,Carlos Santana Ft. Chad Kroeg,osuplayer111,Hard,23e568ec965eea266fdbbb90a4946513
22333,3681,7,It Doesn't Matter,Crush 40 ft. Tony Harnell,Ekaru,Hard,8614b32eccd803fe0b5c676995e1e93e
23326,3681,5,It Doesn't Matter,Crush 40 ft. Tony Harnell,Ekaru,Normal,554381214febe899771e6f2905aed398
22551,3765,1,Stayin' Alive,Bee Gees,FluffRat,Easy,85124e81296e9bbbb9be9ae9b199b414
22553,3765,7,Stayin' Alive,Bee Gees,FluffRat,Hard,7cab11e43d6f97550ae555b3542828aa
22552,3765,4,Stayin' Alive,Bee Gees,FluffRat,Normal,126d48c7d6c5973c2b82195abf07dd96
26057,5170,7,Eternal Snow,Changin' My Life,Saturos-fangirl,Hard,a36598e2734c6e68a454d13d9bb8edfa
25981,5170,7,Eternal Snow,Changin' My Life,Saturos-fangirl,Normal,c95c6b0abc312505a6aae68d50815eb3
27450,5723,5,Die Another Day,Madonna,xxheroxx,Ada-Hard,7db662f38cb0d29c9de186998e001133
27733,5723,6,Die Another Day,Madonna,xxheroxx,Larto-Insane,038dd98cf9aae08ef9e0987c882025c4
27558,5770,7,Do it,Nelly Furtado,lesjuh,Hard,8f6c0e6151b910c2774f8c9a353080df
28024,5770,5,Do it,Nelly Furtado,lesjuh,Normal,c42fcc3713f04594f69e4620c2c739a4
27739,5848,6,Over the Sky,Hitomi Kuroishi,Card N'FoRcE,Hard,0ed72576c2fab6a5baeefb37482d07e4
28035,5963,7,Cloud Age Symphony,Shuntaro Okino,Card N'FoRcE,Hard,5136cf5a1ff7c6a8be8caa2c2c94f73a
28036,5963,8,Cloud Age Symphony,Shuntaro Okino,Card N'FoRcE,Insane,d59eee1050b42170a327f45592fca8ec
28037,5963,5,Cloud Age Symphony,Shuntaro Okino,Card N'FoRcE,Normal,61d5182fec21992d4cee7fdda4971e1c
27266,5646,6,The Walk,Imogen Heap,Seibei4211,Hard,0534d691fd7dd760bfa7d01e53089fa5
27453,5646,4,The Walk,Imogen Heap,Seibei4211,Normal,aed939bc2ec952f4540e6ee273f9d340
29828,6507,3,Sharada,Skye Sweetnam,Nexy,Soft,2ea42b47df08ef0acfa53fdeac9145ea
30078,6732,7,That's What You Get,Paramore,foulcoon,Hard,d04a5cafa4f3d599ce7e872d26aa37ff
30160,6732,5,That's What You Get,Paramore,foulcoon,Normal,27891de573016050bc237f292ce87408
30215,6792,5,She's a Rebel,Green Day,Metroid,Sweatin',ea4d2885bf9ff4133d91dcbebb5625ae
30273,6818,2,Je t'aime,Federica Felini,AlexanderPD,Easy,921afebdfa1c60ea540e3b573c58f86b
30274,6818,7,Je t'aime,Federica Felini,AlexanderPD,Hard,71e65e78432e83860f21d81b28cf2952
30275,6818,6,Je t'aime,Federica Felini,AlexanderPD,Normal,49500843985beaaea05f66e471f8384e
31517,5180,2,Phantom,BanYa,[DBF],Easy,7958d6b38fcefc6d4b2bdc698fce199d
31518,5180,5,Phantom,BanYa,[DBF],Hard,02217543299d470c1489782d7fdd7518
29951,6685,4,"Nee, Shiyou Yo!",KOTOKO,tom800510,Lovers!!?,28d644059f0738c3e15ac30c524e5300
29950,6685,2,"Nee, Shiyou Yo!",KOTOKO,tom800510,Sisters!!?,17c52c41eed4137a3c8f54785b31ff03
30824,7034,8,Voyage 1969 (Instrumental),Haru,Nexy,Hard,548066b7b4d1d73274fffcd46bfd9cf3
31151,7034,5,Voyage 1969 (Instrumental),Haru,Nexy,Normal,6e42594e19a79df64edc94c021dfe994
31177,7151,5,Tomare!,Hirano Aya,Gabi,DanDan's Tag,ae8778a1f122f68db27cc05e20971b55
31150,7151,8,Tomare!,Hirano Aya,Gabi,Insane,a94cdaa783c9e9ddd2af2a6424290e47
31438,7260,8,Septette for the Dead Princess (Instrumental),Haru,Mafiamaster,Lunatic,c8dc4f61a70053a7da0408959487f2ec
31439,7260,4,Septette for the Dead Princess (Instrumental),Haru,Mafiamaster,Normal,c0b3e86d6d2e4199fcef036aa52c58f7
32048,7390,7,Brave Heart,Megumi Hayashibara,tieff,Insane,9b8e88327e0f209c985cf313ea71dcc8
31832,7390,5,Brave Heart,Megumi Hayashibara,tieff,Normal,f04c7db03d1538665a8a830983073b4d
28675,5686,5,Battle Arena,Grant Kirkhope,Zerostarry,Normal,9d5036ac6368ed47b7f0b2d88eb8a16b
29584,6550,7,Melody.exe,Hatsune Miku,Card N'FoRcE,Hard,60a8b11bd21c03500b3c90097d1a0625
31149,6550,7,Melody.exe,Hatsune Miku,Card N'FoRcE,Kyo's,7f5b84ec916f8ae8fa2a6e45cec4b2fd
29642,6550,5,Melody.exe,Hatsune Miku,Card N'FoRcE,Normal,c9f08ecede0514518ff6be03284d6c46
31974,7401,6,Shounen Heart (TV Size),Home Made Kazoku,Ryuukun,Nirvash typeTheEND,26eacd13e6d478bbdb284c40f0aa8525
31975,7401,7,Shounen Heart (TV Size),Home Made Kazoku,Ryuukun,Nirvash typeZERO,5113e4a8bb35ce92c4db40fa19073571
31976,7401,2,Shounen Heart (TV Size),Home Made Kazoku,Ryuukun,Terminus typeR909,d328a1bab6e1e8f7c7f8e2236a658d6e
32633,7531,5,Da Da Da,Cyndi Wong,Breeze,Easy,d8de037f6eb83660b6e18a77f6c8b558
33251,7531,7,Da Da Da,Cyndi Wong,Breeze,Hard,9e2804fa40f2d0a3f6504a028561beb5
32632,7531,5,Da Da Da,Cyndi Wong,Breeze,Normal,1f54a65bdd08f9ebccca19b55b322cf3
33039,7845,3,Canon-D,BanYa,[DBF],Easy,54f9934b0b449b7cee51094e7f558329
33087,7845,5,Canon-D,BanYa,[DBF],Hard,d766f33aa17faa5cdd71979ac0daed03
27857,5257,7,Headlock,Imogen Heap,Ruduen,Larto's Locked,086e8769512179f5b0fd9aaec8df39e3
35161,8606,6,Dicks Are For My Friends,Mindless Self Indulgence,Larto,Hard,386283e3ec6fe489d6ee037257e59de2
35188,8606,8,Dicks Are For My Friends,Mindless Self Indulgence,Larto,Insane,91a476971d68841a2a1e245878ddd030
35163,8606,3,Dicks Are For My Friends,Mindless Self Indulgence,Larto,Normal,a9e912bc0825174832794126fbb43931
35398,8651,8,Now If There is a Smile,Nogawa Sakura,ztrot,whymeman's Gate,b13934bfa3a2d62f1c92a387ade1d2ca
35652,8768,7,Maiden,Type-Moon,tieff,Hard,394873ddcfd5f04e259c2bd452cf03f0
35653,8768,6,Maiden,Type-Moon,tieff,Normal,baa2cb442f78c8dabf7d48e94a6047a9
36045,8898,7,Wonder,eufonius,gdeath,Challenging,2d6ba1cbc682ec54b82bfd5d73850002
36046,8898,4,Wonder,eufonius,gdeath,Relaxing,8f5e71817a370b052d173a113671b986
39981,10125,4,Tigerlily,La Roux,Larto,Armin's Normal,6dbb83a3de39bc6c51689083919420c8
39982,10125,3,Tigerlily,La Roux,Larto,Easy,a4e4f283325c8bb2f734e3c905bd2f7f
39730,10125,8,Tigerlily,La Roux,Larto,Hard,02e8c8278663a3f00baa544ff2e7e3a4
35431,8436,6,Pieces of Sweet Stars,Inoue Marina,whymeman,Tasty Stars,fa9a7ff0c1515883496f44e29ca9cff9
35555,8730,8,Bride in Dream,Beautiful Day,Ultimate,Hard,c78493e95e7b7ba249999183730bc5ba
35556,8730,4,Bride in Dream,Beautiful Day,Ultimate,Normal,723665d4ffc57b53ac3357f0a867ea0f
36042,8894,7,Half Life,Imogen Heap,Larto,Hectic,522eea2a9e4309af39a52ab5f050f4a3
38061,8976,7,*twinkle*twinkle*,Anzu Mitsu,gdeath,Hard,c18d7230e5521b61ada1762857154fce
38062,8976,7,*twinkle*twinkle*,Anzu Mitsu,gdeath,Insane,3e4a50f0cccb597954f9c3f0a0bb238e
37108,9066,7,Love Destiny,Yui Horie,gdeath,5item's Love,c8cdda234ce3a37be6a7db7af2709880
36616,9066,7,Love Destiny,Yui Horie,gdeath,Hard,77fee6a83d495a20f064295dde860d81
37116,9066,4,Love Destiny,Yui Horie,gdeath,Normal,eff6cd510e2f6c77aba198e6ddf5d202
37628,9396,4,Kaerimichi,Hachikuji Mayoi,miccoliasms,Easy,55663baa86ccc3b09affdd8a1b1eab40
37608,9396,7,Kaerimichi,Hachikuji Mayoi,miccoliasms,Hard,08f65c452beac09969c6fefacd7823e9
37634,9396,5,Kaerimichi,Hachikuji Mayoi,miccoliasms,Normal+,22ecabd2f9133c0cf5953a3d6768befc
37759,9396,8,Kaerimichi,Hachikuji Mayoi,miccoliasms,taka's Insane,4f6ec8c9c3c10d8cf2ad267fd09aa5eb
39346,10012,6,Deserted Amusement Park,Tomohito Nishiura,NoHItter,Mysterious,649c1a67fa3b2e16369fe0606110ec24
39347,10012,3,Deserted Amusement Park,Tomohito Nishiura,NoHItter,Questionable,743dc27baaa239d407f31e9e46e6b499
34361,8331,7,Turn A,Pory,Ultimate,Hard,8c02765aa337e2ed364df5caa580686f
34362,8331,4,Turn A,Pory,Ultimate,Normal,f4a2caabc4de8488da8bb35895665982
39765,10139,7,Cross My Heart,Marianas Trench,0_o,Hard,b1ef98a55d04f6e3bc6031a02da19ba3
39766,10139,4,Cross My Heart,Marianas Trench,0_o,Normal,aa6f7cdd13be9d69dbdc4951f9d39f09
40306,10319,6,Sweet Religion,Spinsmith,JarJarJacob,Satanist,43bc5cba1795e0c478999e432b8418e0
40427,10319,3,Sweet Religion,Spinsmith,JarJarJacob,Spin's Sour Monk,9da227b4b649a425c1f4a510032915fd
40202,8273,8,Destined Marionette,COOL&CREATE(BeatMario),avira0922,14KEY,f49ea3e8575e10c52ffb353578f721b8
44879,11678,6,Paparazzi,Lady GaGa,Larto,Ema's Superstar?!,ac5e9299a3f47451e246fc97223168b0
44953,11678,7,Paparazzi,Lady GaGa,Larto,Kingcobra's Star!,e0ba2174ff3fa8ae4ab4f9520da19a6c
44880,11678,6,Paparazzi,Lady GaGa,Larto,Larto's Star!,e9a6ef759a38f48a3b1225e8ae359189
45153,11678,4,Paparazzi,Lady GaGa,Larto,Larto's Wannabe?,8c773b845b2c1e186f45858855871baa
44882,11678,5,Paparazzi,Lady GaGa,Larto,Zodiark's Star!,c2e555b103f0e5dbae76eaa73b6f6039
46332,12219,7,Solo Tu (Only You),Nightcore,osuplayer111,Armin's Hard,f9df1da02d6e697e079f311bdc39957b
46045,12219,2,Solo Tu (Only You),Nightcore,osuplayer111,Easy,8cac5ab35e3c06d412df2ce5c504479d
46243,12219,7,Solo Tu (Only You),Nightcore,osuplayer111,H1ko's Insane,0e855f04b7286cda50f8bc26e9f56047
46016,12219,7,Solo Tu (Only You),Nightcore,osuplayer111,Insane,9d61fa2746f33aeacfb44222de846a66
46115,12219,5,Solo Tu (Only You),Nightcore,osuplayer111,Normal+,d2582a61822e9f1c9522979fa345e29f
39639,9734,6,Ganymede,Genbu,osu_CN_yaya,Hyper,e0b275310201cb57e9098a47e1824810
43414,11341,7,The Dirty of Loudness,Tatsh Assault X,happy30,Another,d78d406d0f7c993c84b4df9952461732
43415,11341,5,The Dirty of Loudness,Tatsh Assault X,happy30,Beginner,eaa2208b3ed4cc5671a8d6fb36df71d5
43416,11341,8,The Dirty of Loudness,Tatsh Assault X,happy30,Extra,9c61ef4176da635cfb69f09710206d93
43417,11341,6,The Dirty of Loudness,Tatsh Assault X,happy30,Hyper,879b413f0177dc89fcb7ca0d3dc6ab60
43418,11341,5,The Dirty of Loudness,Tatsh Assault X,happy30,Normal,2f6247cd8d5343e435a62cd9b39eab12
47218,11973,7,Blah Blah Blah,Ke$ha feat. 3OH!3,ouranhshc,Hard,f13ceecd0f6d3939cd967275a0d4765e
47219,11973,7,Blah Blah Blah,Ke$ha feat. 3OH!3,ouranhshc,Insane,3b1d03cff4e00ba2c4afbc1ab6631c29
47220,11973,8,Blah Blah Blah,Ke$ha feat. 3OH!3,ouranhshc,Larto's Crazy!?,0741862f09c38ea3563531ad9565e8bb
46062,11973,4,Blah Blah Blah,Ke$ha feat. 3OH!3,ouranhshc,Normal,ff93c7ebcc93fb36ff1b9146367aa9cf
48136,12060,8,Going Under,Evanescence,Breeze,Going Hell,b95f679447cfa77fc6b5eb4e2a6159cc
47009,12463,2,Toono Gensou Monogatari,ZUN,Tonoko,Easy,d757d9862a9789d8a9ba1cc272f3b7b3
47010,12463,5,Toono Gensou Monogatari,ZUN,Tonoko,Hard,a05de1ffbe3166ea9a226c68f997b3dc
47015,12463,7,Toono Gensou Monogatari,ZUN,Tonoko,Insane,b89def93ecf5c125c2e10a7a0efc56b5
48141,12917,4,Super Scription of Data (TV Size),Eiko Shimamiya,osuplayer111,Armin's Normal,feb47ae599fbf60e7adb8248f755b313
48246,12917,7,Super Scription of Data (TV Size),Eiko Shimamiya,osuplayer111,Insane,d381286067a14bf7885b5851c98422da
48142,12917,7,Super Scription of Data (TV Size),Eiko Shimamiya,osuplayer111,Oru's Hard,fd7713be125ad4a3f321bead075638ba
36697,9095,7,History of the Moon,Sound skt,happy30,Hard,1a14ac63c23dc2e6b07ff20119d1e462
49161,9095,2,History of the Moon,Sound skt,happy30,impossiblexu's Easy,2a6e46bd35caa178a06f0e97459b792f
36698,9095,6,History of the Moon,Sound skt,happy30,Normal,158966553ad4b0857112c82f15692ea5
48164,11419,7,Ever Forever,Harada Hitomi,gdeath,Angel,df34935faf5d8f48eca18b5e20d781ec
48230,11419,8,Ever Forever,Harada Hitomi,gdeath,Crazy Jay's Insane(Short),be57add6202dff84bf67cbfe6d0e79a7
48968,12564,8,Geki! Teikoku Kagekidan (Full Ver.),Chisa Yokoyama,Breeze,CC's difficulty,d0c8b9d5d02c202abf55c50f909163c1
48969,12564,7,Geki! Teikoku Kagekidan (Full Ver.),Chisa Yokoyama,Breeze,Hard,8154008844ad5ccec32c54b568e1c350
50874,12564,3,Geki! Teikoku Kagekidan (Full Ver.),Chisa Yokoyama,Breeze,Impossiblexu's Relaxing,daf1455d5ff7a71460490365700db77c
48971,12564,8,Geki! Teikoku Kagekidan (Full Ver.),Chisa Yokoyama,Breeze,Insane,57e1dbf2566de3ae5623abd649bace00
48972,12564,4,Geki! Teikoku Kagekidan (Full Ver.),Chisa Yokoyama,Breeze,Normal,2c85d763eba80a5b565bed9418b3eb2c
49874,13489,8,Opening,Junichi Masuda,Larto,Red,a5523078786ecfa67413458bc2b1ce89
53188,14342,6,Plohaya Devochka (Bad Girl),Vintaj,[DBF],Easy,9adac268efe5963186e74606c12ebdc4
52527,14342,6,Plohaya Devochka (Bad Girl),Vintaj,[DBF],Hard,ec941223bd46aecdb3661cbcf9c402fb
55041,14054,1,Haitoku Suuretsu Kumikyoku(x=y),EastNewSound,HatsunoWind,Easy,f216634964b86e6bd8803cb66363a615
57531,14034,5,You (TV Size),Yuria,roflninja,Hard,407622bd9aefa803fe63ae85b2f65eef
59359,16582,8,Lilium (Haz Remix),Kumiko Noma,osuplayer111,Hard,145e8762374bab1e2d5769cd8eedb19f
59369,16582,4,Lilium (Haz Remix),Kumiko Noma,osuplayer111,Normal,eded8f7bd44594c4f900fec4ec74d733
60397,16872,5,Party at a Rich Dude's House,Ke$ha,Kecco,Armin's Normal,fbf4bb9cb2c8e22b8a8eaae6ede017a8
60315,16872,8,Party at a Rich Dude's House,Ke$ha,Kecco,Hard,de47fcaeb29cbfa8015506a07e7dbe91
59288,16397,2,Party at a Rich Dude's House,Ke$ha,DiamondCrash,Easy,2f5ab665d71a5f57bfec3f74b1073fae
59394,16397,8,Party at a Rich Dude's House,Ke$ha,DiamondCrash,Hard,45dde16f564f00f38739c301627f2791
59290,16397,5,Party at a Rich Dude's House,Ke$ha,DiamondCrash,Jibberish's Normal,2fa9f826d3d4cc8a4f5c9c38fd47ea4f
65409,18475,7,Hey Now,Nightcore,osuplayer111,Hard,4fbe9fd1291b7c0eac7d4d83be756b6e
65405,18475,8,Hey Now,Nightcore,osuplayer111,Insane,fd2a511fd1214ab176a2e5f069391263
65591,18475,3,Hey Now,Nightcore,osuplayer111,Natteke's Normal,97e56d13e1bbca6f25747ba8a0adb6ed
56182,15467,4,Dinosaur,Ke$ha,ayey,Baby Dino,cd89dd278a1a40410d3f524d572612e7
56201,15467,8,Dinosaur,Ke$ha,ayey,Rasyad95's Dino,fc07adfcdb33ffdfd0d4877c0201ae16
55999,15467,8,Dinosaur,Ke$ha,ayey,T-Rex,37c422da2a057c485550ce78aca586da
61881,17105,7,Michyeo,Lee Jung Hyun,Glasslake,BMax,ebdfa490a50b5b006277327e35f08840
61127,17105,8,Michyeo,Lee Jung Hyun,Glasslake,Crazy,a98363bee061a9713aaf4ac64f11e991
61233,17105,3,Michyeo,Lee Jung Hyun,Glasslake,Normal,9f3869c43d1a10c072bcaab7daa82140
61718,17118,7,Falldown,Hatsune Miku,soulfear,Clare no Kibou,383b358ceec937b8f70056e74061976a
63555,17428,2,Animal,Ke$ha,hawkzor,Easy,ef98a111a2f167ad6c82fd4ff34551d5
62168,17428,7,Animal,Ke$ha,hawkzor,Imitation Stage,c4ed05703cdb3f054e4ea3f7988dd3f6
67047,17428,8,Animal,Ke$ha,hawkzor,Kaneko & hawkzor collab,2819880b85da17f600ca4351603bad61
67048,17428,5,Animal,Ke$ha,hawkzor,Kaneko's Normal,814c865ccc0f18cf8ea6ff11fba1f18f
65611,17563,2,Looking Up,Paramore,Lesjuh,Easy,dcf1568ec3743209892698cbcab21f6a
66662,17563,8,Looking Up,Paramore,Lesjuh,Hard,10ec3f61f6d4398c12aa284f90fa5615
66663,17563,5,Looking Up,Paramore,Lesjuh,Normal,44a410c4bb813e14d51390caf92fe328
69166,18712,4,Kagayaku Kimi he (Full Version),Akemi Kanda,Odaril,DC's Normal,d476a13a00e19cc4ea8497e60d6fa004
921407,15430,2,Million Love (TV Size),Nakahara Mai,h3k1ru,Novice,6a144cd065e5e27ace106249797489e0
921408,15430,6,Million Love (TV Size),Nakahara Mai,h3k1ru,Relaxing,b1a96b4d071097e87cb03f91324574b4
68597,17819,4,Taihen na Mono no Shoushitsu,IOSYS,DJPop,CDFA's Normal,e589fd1135a2edc85d984e4fd14c1fe2
62771,17020,6,Mirai e Go (TV Size),DEKABANCHO,Astom,Hard,620c3eef73fe8fec9e8adae837e28d53
61491,17020,8,Mirai e Go (TV Size),DEKABANCHO,Astom,Ignacio's Insane,90cfb798deb3dbe5ef72bbd4f8ab5a19
60870,17020,8,Mirai e Go (TV Size),DEKABANCHO,Astom,Insane,e968e6e80d7b262f4ccf6d6aa24d2bc8
61977,17020,4,Mirai e Go (TV Size),DEKABANCHO,Astom,Normal,1d2188235fb1863459c19b53f0b078c8
73035,20844,2,Dance Away,iNID,Sakura Hana,Garven's Easy,0e3ce1e962d342287889dddd47ed8264
72365,20844,8,Dance Away,iNID,Sakura Hana,Insane,364afc77fc122f74002f7d4a22ee0793
74050,20844,5,Dance Away,iNID,Sakura Hana,KRZY's Hard,b9e5944fece58b07ba6fbfc81a1cef98
73794,20844,4,Dance Away,iNID,Sakura Hana,Sallad's Normal,d283b214e796e49666cf665829905aa4
73481,21125,7,Hermit The Frog,Marina & The Diamonds,RandomJibberish,Insane,ed3c178a61c40fbfdfd89b107152b708
95412,24632,8,Tu Vivi Nell'aria (Ivan Fillini Remix),Miani,-Lennox-,Hard,bf9cdc43dfa7ea53a55bab9bfc3e177a
95413,24632,5,Tu Vivi Nell'aria (Ivan Fillini Remix),Miani,-Lennox-,Normal,39ebee6c03c0f5bbb1950b574e8fb037
99009,29904,8,Touhou School,Innocent Key,Mafiamaster,Lunatic,9341e91581b539cf278617d0e6b24133
139851,44666,8,Ready To Die,Andrew W.K.,ztrot,DIE,749b27fc80505a963c3d238c76e25f0a
